a (km),e,i (rad),Omega (rad),omega (rad),M (rad)
537789649.4323565,0.787089010083934,0.06290943140413668,2.4256412141712405,2.0004464094928167,6.0228365648744475
149454844.59972844,0.3578269417896689,0.0267344360450556,2.143945326100009,5.184366487221919,0.46441977939249046
202366765.54268545,0.380831195359996,0.6974984300779364,1.836157311462474,1.958104589983872,0.19681196554645908
135515321.23618588,0.3732293379603852,0.38395259162717094,1.573707424994488,0.7882449433712244,0.0015081501275906462
283737739.32355726,0.7640314560272814,0.03553974382808495,1.04054733750733,4.9972035024700165,5.52875273939863
311664919.8715124,0.5614756987214667,0.12369748701616379,-2.4988752927598035,5.513879324365316,1.0991197884799533
312516011.8261663,0.5366497563924629,0.2820226261472467,-2.70206794988972,5.789940309548099,5.978948916507807
231662799.51192674,0.35472055151959675,0.5757772713154923,0.2866608682735516,3.1891657433046365,3.233059106247999
112282947.13951159,0.8759615774437369,2.475606890113971,0.1961732601861984,0.32987568120520194,5.739913619034132
241811912.74153146,0.7083933601874399,0.017033811918668363,-0.3062823862919673,1.301604889989763,5.81873107497797
263721455.3792851,0.6753420839103867,0.10603343042367284,-0.5118879661828017,1.5253952838603464,2.8711950592223587
270096903.74110067,0.4979841634117349,0.03233214942166717,2.551134339826632,0.7640328565586776,4.899179857891561
304038512.8761554,0.5564288882518889,0.12714736223478312,-0.45014135661972526,2.057429778110752,6.220117413563845
325513916.4853224,0.6145709181962369,0.05996868566843178,1.9594972793999905,0.8878705925738553,0.47521186861737075
167156933.8368172,0.21052453671774854,0.36403644974908145,1.8910697830847292,5.217955634798755,3.6803887945792284
224315191.08443075,0.367132227826277,0.31679096163977866,-1.4401635916710418,2.5971546511589825,0.5555107185376738
213681456.66068098,0.5031879084556514,0.16373816158824683,1.425201896408473,4.87732483893666,2.604863031651007
127733075.9674324,0.20342221245483624,0.6414066714340841,1.0068631984287513,3.5685760375621784,4.93833671067226
272595419.16947424,0.5244833715271154,0.23964177086799524,-0.13895926923971588,0.9212804738811151,2.292380979464415
267425993.37988102,0.6064633984181188,0.05614571621668331,2.1663987991853615,4.52639364275306,0.8769470989125363
183184953.70788464,0.19331358802167725,0.31785884544247817,-1.009064394327622,0.6166426327973902,5.907055048525569
94087024.20384474,0.5970164008806519,0.18493284287626804,2.0500781237708385,6.205455340635965,1.0345838804826064
305921001.1877182,0.6350790043557007,0.03357140200832926,1.8497451410179986,1.8909922878586212,2.306180915505726
119979974.84273483,0.6108457395492417,0.01338585640293511,1.6540038470017437,5.676366252325023,4.542804983634993
195675208.0463349,0.6966580577728091,0.01692742606252445,-1.795618701766029,4.199802347955208,1.9844432720138538
263082878.2253774,0.43807297574175863,0.034923462192720134,-2.55634766835934,6.106119756343049,5.715572002113179
406735072.4931738,0.7302598220038774,0.08558466228384766,-2.4307362450344323,0.7602999001719999,1.2489633249886332
338070232.86871076,0.6318384321757926,0.19824150344202918,0.28585618784987815,4.0625250179475145,3.216166731454219
218701999.24086654,0.5701979532489873,0.025101848979097972,-3.009068776132868,4.695788659575222,2.2595258816014514
145624596.71418756,0.43548469032018583,0.17618199923005878,-3.088141086785715,2.075013485547853,3.235519253983034
332056253.0160762,0.5944266688107022,0.16808984224652848,-0.12300813522612304,3.8355051053464386,5.581198355207296
127149305.7104827,0.4041340610126884,0.5329556966812972,-0.5609146938977809,0.7893289644750823,1.1405551502955449
177965550.51144627,0.23272904211752155,0.10140591057772994,-0.7137133928400153,3.9984552383339094,0.5804628350446279
176057828.68682662,0.38220022846566754,0.5401018908449965,-0.7914321352705217,1.6392367376498864,2.788964331622381
201503946.14393485,0.27926921932574394,0.6144260772235726,1.9323963811227785,5.993458464365012,5.874212633328564
229769837.40012395,0.5452679696588205,0.34987963602297384,1.7004912199196143,4.882600452186386,3.2644822727483422
122047516.7975413,0.25323917447247024,0.4700796608453404,-1.5870683817151943,0.43002167278623915,2.101904064380083
182812585.83394727,0.28274691676301245,0.4800611009716441,-1.9798213016329105,4.1901526423662965,2.604663955676621
341570220.1022652,0.7162993620227907,0.18208984309111875,-2.136225180162823,4.4710175979467275,1.6618683258150506
175964292.6032348,0.36799560848816626,0.06837369229273897,-2.6547716024381263,1.6155771222967497,0.3063883915506578
344875290.57163674,0.5843587598960122,0.7113598150866407,-2.673711734340624,2.7209998233079986,3.2377281170551804
256610072.63721117,0.43498478161175747,0.5154803657140873,-3.031306298952377,2.6762928018881524,1.9278567884632185
271117428.9624948,0.4383370075176283,0.13209838096531074,-0.27450649061045473,6.266592817668073,1.4334416838269242
318092169.8722089,0.5260702755774057,0.19436851224584692,2.2143986630931916,3.0676266449989917,3.487989894380689
256928181.0555049,0.47549223341132096,0.07322440685300238,1.810907735213912,3.9910560250788505,4.6500957971621775
209369601.37231487,0.30944246418507443,0.17403907995469936,-2.7379656646055133,0.6445049468121216,4.945103223677969
223023711.8758434,0.3980170347311407,0.041847752488956294,0.2396424669954007,2.2028436639682543,5.295833638894225
355107803.6639618,0.6153285333153441,0.3412410961515115,2.9016146197003367,0.1878257934484573,0.26320742295547817
186745200.90033886,0.3470259869435047,0.5872284159493871,2.8796247300607476,1.2500967650355488,0.03646203899897138
239545599.81891742,0.3986651520095618,0.0681733043788131,-0.6557453751951062,3.4975125803172262,0.8673400910905169
230941182.71319607,0.36921877334818265,0.08543194311700128,-0.8018691123510991,3.331130036626726,5.948320749632275
260155617.16508088,0.4886303832359626,0.0022908377179438524,2.264468050622799,5.507278845818491,3.595269873158099
340377282.43715674,0.570978244142475,0.12871512350937722,-1.406496404164643,3.187074338129167,2.108791200138981
146521976.7490985,0.10654642679852962,0.33251215969863124,-1.440357579839248,4.8724182283652775,1.6035641678375825
315362875.5388409,0.5304112833708059,0.10240724623308867,-1.546254543664634,3.3597029653291006,1.90475552565891
334997735.4166549,0.6613068171892432,0.10661524183326954,-1.9416568874779343,4.229104470323209,2.995884472423521
262221656.09835956,0.48857626699709855,0.24793883270490727,-2.3446230093542133,3.9270073804810752,6.132985053055431
243173068.3913217,0.5377047350348738,0.06619326918914989,0.5866961034557553,1.2450683456301954,3.9317872862691616
398836127.22785616,0.6568355573409353,0.2013948697803487,-2.621221568322543,2.584337166781159,4.570938222718886
316256797.14871365,0.5840268776357926,0.11662097259560733,0.45797077134662445,0.8265228553663713,1.4391387261311213
159379636.47320488,0.09961395723565052,0.08744425237694824,3.0767533756362067,4.1347470511497635,5.375481690881475
532281565.925124,0.8838223606571273,0.07577316214166614,-1.932846837487368,2.9799139076534686,3.4119069175830696
141045332.9766455,0.07402337613719663,0.04836916635621944,-0.7944728279912115,2.8899943153345458,2.0429470811193156
117542629.3912809,0.36607140078919165,0.14244763477460906,2.06909376339957,0.4348756961594784,3.534272635455626
183113412.30882874,0.41813995808432064,0.25975860127447575,1.9219197693901227,1.5589505486953588,2.142554492012362
293451782.0610373,0.47965565514957287,0.22142486709334766,1.1701987286166053,3.189864302163194,1.4923775487934243
100469027.54841277,0.5008905890667772,0.05189597138207952,0.8421283270213679,6.177443711595048,1.9626952437403506
200017613.9680843,0.3330712482177646,0.49746654915524413,-3.028564597297659,0.965268041456742,0.7615594935448584
203409365.49065623,0.27712251868587584,0.508260072234727,2.8693642232081533,6.021805012599138,3.20218830768272
216032839.55167452,0.5924840940397348,0.13964758287496698,-0.364095155903457,1.4697971146588777,2.062383190896753
220682805.8784218,0.833695697816272,0.02837489627479631,-0.6684105935482526,5.4130723721012055,1.445640377540828
240779010.3917129,0.47910691874560507,0.3620367230457733,-0.9338034255612169,2.1495874619207864,3.9121935592767647
813924335.3171973,0.8257150334384217,0.153655766817413,-0.30741589101535927,1.6140540667720158,3.069334097029758
252483864.19772357,0.7395728450939717,0.13394149332410357,-1.017216913821373,5.010663500316335,0.8161438721500804
262258239.69258988,0.44751501834079144,0.08941081819058253,2.0217803332977584,0.09509857790616039,2.3394234010521746
216198324.97381473,0.6053408278203143,0.16438833648706275,-1.588385717165535,4.833137282880547,0.5136202099810463
129965786.54587181,0.4237832182339379,0.23649975083893962,-1.771037551713307,0.8803613928361171,4.548773514349605
190738714.22993568,0.29744501855433536,0.01076198809520952,-1.9713552356425383,3.9878617676611556,4.569115420596556
309161265.37529826,0.5230783511288284,0.7354614365680412,0.7443565734497384,6.205530335433574,2.833516192269908
200608797.42996624,0.35773317010446903,0.08289254459269473,-2.8469467774910875,4.198433468772911,3.9984094358726545
147698413.91123378,0.20989253534973712,0.5288646681242009,0.08425145836243211,4.41193605592207,1.7731436989673721
143429229.84069872,0.33596564450798866,0.1686701332150105,-0.1540532649470734,4.234319067885317,4.149975580354781
160876088.72852552,0.1263979525113924,0.22409026555486083,-0.1775167606810389,5.170924439102694,2.763506384734809
354854123.53057855,0.6422071630723561,0.12014210782617038,-0.14804205527655737,5.32674029395991,1.5102569705613886
244337172.07952628,0.5148391106136868,0.09130422942710295,-0.19010109111284693,1.1722641657533561,4.343928630374813
298814147.45618725,0.5072128423172259,0.03506905611872346,-0.5094192592006921,0.4156073295540734,0.21166517247497385
170167595.203654,0.17077143690014757,0.29931861287332484,2.5048535052397005,2.1878018412521563,2.628594920215207
364648569.608534,0.6292453983345054,0.03365908493522512,2.1194881592216617,2.4798715539311385,4.017782558330015
114988136.78286871,0.9904236730522709,2.728312313629669,1.7104768337011795,0.09966388016954664,5.845322795971196
304375942.19001555,0.5770900910576358,0.11613742226283437,1.1350146347446055,4.054153696858458,4.984788546727343
192069449.39175332,0.3762958570449373,0.17114644764779782,-2.0312695953471493,4.972677157509814,3.310490171156144
176133133.6199582,0.1519250737819838,0.04369319781330547,-2.084720699947331,0.4204160538501238,4.502691398572799
225675603.9540727,0.4182902187717641,0.028826776061108467,-2.1277992348395802,1.0022213374626805,2.743990277599103
141163914.89329448,0.07053811465056781,0.032381242185387286,-2.505874912335593,3.4505712225604723,5.1361528052839
280854942.46595955,0.48361016016566,0.2629097295622591,0.42744978680120466,2.704093937077495,3.20433742767593
124857505.43422937,0.22981096963022785,0.47460044741345836,0.2809651927948027,5.8321236568299115,1.0692585316623529
182213948.39573985,0.24734121361490735,0.3277251824881631,3.1074749438153635,5.335516165114302,1.6572212141015683
260908005.6701741,0.4350964482915667,0.18013985397155047,3.1198122523681806,0.17720432567461053,5.369734212009193
305953326.78265995,0.6530867147818293,0.0860570282211457,-0.5266397143571822,1.82994626642164,1.0660301796537466
177345691.7190437,0.37385788016882254,0.16985369979089274,2.309546960748107,4.85412154439951,5.543678538676572
150736155.9425668,0.07087414357958952,0.04519747866118336,2.172656791071081,5.021171026365446,1.1590161824726906
304743603.6731188,0.5628805247629556,0.11462228659202849,1.6124900486651232,5.52191258513754,6.056476394357366
590499488.5966442,0.7490563909971136,0.8452124924947204,-1.6091436119119964,3.5429051325763954,1.3013493961696359
341617361.93586755,0.6261495222347908,0.05221226411300749,-1.9316324640270195,2.039533449339844,1.1090504794871237
111125172.49473867,0.43517892761679516,0.04605516352507982,0.20153265229735184,2.7183266058109012,1.103335627675044
224461062.77204087,0.46497748494665436,0.05999497033361819,-3.0955579503738244,1.9497577033137716,0.9512266269934031
168914254.30329293,0.16708771316092086,0.1683958545245988,-3.1111092510001574,4.14063623656668,3.8814237433666734
191828842.91331038,0.3547818344552004,0.19911503193889524,2.684326586526238,1.8891508738480631,1.887473407582327
344558512.7249924,0.7322515432094163,0.19714561667707045,-0.9829886213593025,4.783504560846508,0.195686255379794
278486127.08219045,0.45675585825604637,0.1700439803163308,1.6642505549132918,2.8764664364415164,1.9832045164737462
127379945.99969807,0.2094104595242278,0.30536050078389443,1.5625843596987878,6.00063382932106,4.8829213058489955
197938676.28825417,0.4113450824017715,0.07701448681168127,1.2544344417354718,4.508917244721588,0.5428550375545962
175922292.06750235,0.14714425721968133,0.03444340235331983,0.7682285266502789,2.9140538389605197,5.6286795671405345
168881934.51532757,0.17199994532325688,0.14647896150425926,0.6997033770616129,4.137754472960194,5.095799355165004
166739242.7048559,0.2365764636915162,0.1863847413324141,-2.5969619110068445,1.384425561091418,4.280576000507712
192943345.22111306,0.2189762020988294,0.5598046789806858,-2.6299218786372185,6.05853116040622,4.846902589311707
145730783.2530039,0.03643176315635365,0.0074891765664284226,-0.2345525891861517,3.17076808972719,3.0087355713727852
340317802.2813593,0.5707111138507489,0.01975870526930535,-1.4497913477083768,3.668934317433858,2.0678468034051924
352508148.3928785,0.7269453099436397,0.04260113390451796,-1.0948411676661078,1.67161025977407,2.0402217288088877
380449296.21484447,0.6027626755592081,0.4593647377337736,-1.2853917097004672,3.4202520972031496,5.485565302753791
466018544.4999522,0.8655164870489725,0.07097197643610575,-0.2604308635928047,3.614692122688935,3.5399748363566284
161218909.50493085,0.09785689748363176,0.04475477633297357,1.033886984687501,6.0025998589028315,2.6074857119860795
277600811.9813801,0.4922312242968135,0.28298385557586514,-2.610158428935381,3.670703780982128,1.2004799290958656
338249024.7380141,0.5876889423610181,0.07283698097201258,0.41187521356907153,5.605584778099224,0.8129280947446134
309185000.48588204,0.5406001870929786,0.05788547434750153,2.8560144280970947,2.55347923502762,4.578858956186782
159753488.639732,0.04851513113075769,0.4443406679571482,2.099640054506983,3.4703895696666396,5.328842787417727
141051253.4153794,0.28808326834908127,0.0348213830956164,1.9352415606875737,1.0193558801468603,1.620309914240475
185974899.73744377,0.3570333859209247,0.06317333930916035,1.730167083289034,4.528557870480109,0.931389293202094
174694436.22642457,0.6632745910758086,0.011201489921323258,-1.5319722361624821,4.165095354252973,5.669464182256251
168639832.59605083,0.2584754796352821,0.05881049702802369,-1.580189259495739,1.3831176620406103,0.6688819449141468
162710842.9441816,0.4944337831260592,0.004167701787072998,-2.0342847114808533,4.3399817899982915,5.224317853400136
179409618.43915167,0.5677184080793307,0.08144703173053451,-2.4321577720290133,1.9173892318306471,1.9180037313937142
117161998.69034788,0.2584444073310556,0.024675527832049075,2.737320243897399,3.2021953673054497,4.125758684112167
231023591.358142,0.6617662805607687,0.05482327258970673,-0.5150706121018649,4.8980514248583855,2.1469809445572725
292408690.6944938,0.8153185750085833,0.06850725896306133,1.5981988107908691,1.9921346806530966,5.595785412447033
266116861.47771174,0.48059061936989744,0.296439098927651,1.0969538770125355,0.6389372072185031,1.5362409356891407
232476411.7880971,0.3619275891550921,0.23093523502109348,-2.978188862647561,3.3095031514074753,0.18570377424438256
214233478.32075232,0.2956363424424033,0.4042101728970957,-0.006967677343543634,6.065007837743882,4.289059834964693
203299988.86436686,0.29523900605925174,0.22999937492252256,-0.7184412857663315,5.539434710791483,2.4723572355173964
191427371.378708,0.21223447545520208,0.7441353623425659,1.800786793295821,2.993872661098024,1.0065005935514755
130881105.08688325,0.7520796893590946,0.6112382733169153,-1.4646467694044842,3.7404756185897634,5.731997983120741
207093284.24442112,0.3226295216550932,0.2127143223929587,-1.8319711662638878,5.5088072540509,4.999494461712867
456454496.0918705,0.6919833892624364,0.39891865343611566,-1.974070373605401,0.5766391849597081,5.673097481490804
169476061.7112072,0.14384612676372163,0.11493047341232643,0.9753700873426386,2.3244415312001365,1.275759039946986
243597819.9091525,0.39685005207676227,0.3605590908940699,0.5059580191341463,2.752119613656159,0.22828709136806946
374510979.420148,0.6168381892810157,0.07937562551584433,0.3756672974645086,3.618171473867917,2.4367806290245753
248048293.98113602,0.4102134828474355,0.1342925617394772,3.08812268176757,0.26586618869984413,3.948005712289169
145990816.22849834,0.0958740643951597,0.01756374203542968,2.861191840529184,4.409654253281211,3.660769011151972
175448770.11389074,0.2424257938769403,0.4145812252511633,-0.45715727221149566,4.188224528938723,3.152643946615041
103522115.76766923,0.5090695905723341,0.04226528814994755,-0.5222477131426392,0.2896958702543415,5.741709760359345
91955661.72730376,0.595634135138696,0.06763495199889827,-0.7490809698432042,0.04802108742833955,5.619501316619519
140766290.70645273,0.11944840198303971,0.043808369211401896,-0.9270510500241896,1.0949441420928956,5.145027673327213
301256506.59453326,0.5760212148531983,0.11589054870857027,2.1606264903790344,0.8866699336678225,0.25158067148898944
129650356.55290231,0.20084963295171793,0.005220623481805422,-1.5923479193256602,0.7223997375074083,1.4165700775840504
183144806.71769288,0.1996179003957872,0.15857250148385219,0.34522144200947646,5.795075830325098,3.873797035795801
193246741.60957497,0.2293486601009729,0.0399509968329721,0.30865428931528516,6.202651411917316,0.049778215266157666
184282671.11924678,0.5504220781262519,0.009571075825806017,2.8604276249307885,1.2755051238652104,5.9551843815281185
85181746.46950068,0.7766955121526412,0.7134650181813439,2.7877377730065582,6.258816596840032,2.7261764219080895
420881877.0849812,0.6671164788292434,0.05774037159193116,-0.9947581143334842,0.7298277708013963,6.0661691686773525
167153732.4255056,0.832183958796335,2.061612928722051,1.772088794538554,0.6538684563998727,3.264142208122812
163259803.55277675,0.5598340588600259,0.9367280387016623,1.4411086402761777,1.0931074249399195,3.594763125004949
205631609.4318826,0.27418641525511706,0.040977285347031586,-2.278750811128388,0.312712980833151,0.0486871018300441
350723077.0973591,0.6190623888287452,0.04398191582277032,0.9564395852015575,3.742228725962467,4.947688658455618
229053919.1195616,0.3534695999482163,0.034421356506815284,0.6954468532594491,3.5876337172479125,0.9631309299072601
310213573.97610307,0.6440873671976565,0.1756775610452279,-2.565732323276148,1.196713568270674,3.334593815090801
323771234.17482966,0.6313095992138853,0.1434646552002454,0.3158016684502013,2.0685623452792683,1.8358374709730487
225390253.40407926,0.3801039152761393,0.01205177605161771,-2.9814568008571998,0.7161641976485988,0.007559612788155867
235325851.2087122,0.51482232340386,0.11241819721486764,-0.29344068143221347,1.9069999706521852,0.23554405607188045
304351467.5845144,0.5159594690857277,0.5054410918299626,-0.3860326070237274,3.098095475508728,5.496425124221884
211435664.22544155,0.4490794239224095,0.19041558592909694,1.8996745041358656,5.013547845870558,5.695766971547975
706675028.9199452,0.9321886542064622,0.3423997082579415,1.9999174018124153,1.8280956928580387,5.980906545063885
249486012.86684853,0.5552514944644741,0.3626477151498871,-1.726536570091474,1.8971661262013235,0.5412316270862583
190506104.27220464,0.21851887891908264,0.0925463466212038,1.3857177084018668,6.240964146929607,5.048768404257804
191519969.73437175,0.2526138404134183,0.17780411920873376,1.1509316660574997,5.731117602011885,0.8525095176100539
337412293.3065881,0.7447380570838028,0.11800481101050929,1.151173150956435,4.715115805744379,4.397488005353603
449631388.00293905,0.6892828727821192,0.03355459348723216,0.28016317053542766,6.063107381327282,2.3896669709413665
177125822.61720163,0.4041015007706356,0.055184708937383906,-2.400901449633212,4.715976112803557,5.800056249449844
200569941.79947767,0.3403682577412815,0.36175314009713205,-0.5213993570113294,0.9858483784158718,1.4169983015558572
432904863.1377963,0.6552731589653217,0.12888701260059499,-2.5714704566141,0.6103544810344976,2.0030775003783248
147050858.973017,0.02939330455999493,0.0038363614775245853,0.46687677293600405,2.1605053339734965,0.4292399621023071
338065815.7684875,0.6184542360886116,0.21370965939211506,1.0165991749798085,2.174104570737306,2.16731622202359
123383123.5617473,0.4471546866887871,0.02817324475991362,0.96475129060154,5.6082039326997855,3.8461748864380785
140284312.94733378,0.4964192276389854,0.10220518664992712,-2.3061728750244934,2.226613522183335,3.2009226557907384
282337997.9256554,0.5353961449091605,0.0690651144839249,-2.9813641005179385,0.8051843599291075,0.8086035633651552
126103769.6567069,0.37482255527576985,0.08622255788284106,-1.5465106240355555,5.4540874200140586,1.5091061121596292
147363718.43660617,0.07824533141592069,0.09872303384084131,-1.8005746193731034,4.826829605255995,4.682277943227825
114957088.85714324,0.28367460779334347,0.03175864262408575,1.0292998589009947,3.2373616371510323,4.506369049767411
142238297.68180346,0.14745520484850969,0.16409534786207916,-2.799138100698274,1.0893850600117831,1.1636753840861385
354758975.7945936,0.6340651643112668,0.1657028430559992,-0.8807546827248118,5.335795932115754,1.092831033759646
239986344.5676308,0.5727927562622239,0.2986939296588481,2.170876499593989,4.617501915282522,0.7470089340146036
157605054.12544405,0.11077983079815755,0.12620820496049645,0.698602566020051,4.357774468479167,6.020193041496189
256031579.53563994,0.47507120156691307,0.022066225113285706,0.5447749382397715,3.936662500591136,2.280076799319186
257359851.55752233,0.5582507127084861,0.07104311599204338,-0.5785977269304661,1.9068668369842445,2.0096455743219153
267377257.64017236,0.46645087732228396,0.1509524329473295,1.0319042450175664,0.49754237664115664,4.10992526532138
227029673.4062699,0.3525125186386803,0.16143025102586264,0.46334300416435925,0.1054377194711904,3.888692283974737
132080534.20621058,0.3574284321609095,0.0531551152923908,0.17483500493755952,4.0178251047834905,2.1807334844497817
203242668.88239542,0.3877790748372149,0.34297873823468666,3.0747627925277405,2.001280028668649,1.9483740815720072
138476710.24179152,0.2775341954062354,0.35332943423945923,-0.22185058683998093,2.108439627484774,1.1553345076086803
250024868.19332796,0.7478932255623024,0.35052108449023495,2.6984182902875964,1.2009981401012695,3.446558744104305
186953155.23943177,0.25239221191867006,0.05969353780982195,2.6833136594071023,4.074579778527248,4.412387826776761
155466652.73388964,0.05017730867317628,0.503880911555997,2.139720012381532,2.222181569118698,5.490783927432216
143858565.94551736,0.10666335561789288,0.43093616287089537,-2.1843955461187514,2.1630216930641097,2.6426739350048045
141033573.93795934,0.17622976707993393,0.018561510119146613,-0.14390227068579461,1.1317241576192174,0.906245266103177
115386638.10024059,0.3095348819928915,0.05962565641655161,2.364929281632482,3.405638038096106,1.4283470431055907
121997088.8844392,0.23705847269862965,0.06869388601049227,2.005343027041035,3.4868692947238973,3.6605412328171503
359610639.5948891,0.5770326945174551,0.2954413482622557,-0.1461876151140657,0.11286835051896826,1.083253690878804
151215702.88265586,0.03357736994808003,0.026979017122348542,-1.9127996641657719,4.786828021473761,1.6465338208260478
143146650.06686395,0.2062188768939857,0.013870793990733241,0.30154892662357224,5.186579050321916,1.3032738329891034
143643087.40362707,0.11113188057602995,0.12619764102755357,-0.3356407487388691,1.2171591980339809,2.355496929360271
438645795.88550013,0.7346753656940777,0.10903586548350927,-1.5562855318246391,3.3696991664964187,6.207518712187569
147118504.4051875,0.39104183933041814,0.2880987027530496,-1.4982892441783,1.20666118496389,5.066788761492339
175044849.7041017,0.21316098112349846,0.01521801432193944,-0.33180665617386257,1.0144157900547013,4.047564098715519
373166512.3787714,0.6522659561760297,0.028666361372553267,-1.0720825918232746,5.453781987176657,2.7723620342835567
376795675.38361233,0.6638086369662097,0.007956963790956,0.4458631833926497,2.0845109960908967,5.390936379835637
183175014.92606622,0.6447433453416286,0.3013815291665594,2.9385786770013875,4.255561050665413,1.8705092370989203
424431169.74086577,0.6524765561383832,0.12581955211734602,0.02922402459630259,2.986847029636417,0.011921419744480133
256741911.78983366,0.4536400141728438,0.13362185653498143,2.0267285405951903,5.701034325675362,4.872650200411178
284601343.12074417,0.48465360585895373,0.9087406464890226,1.040292586025979,6.187764496753477,2.334975507032272
176292749.2756126,0.5459671877172838,0.24787154302177286,-2.8840712747126185,1.2529587547574312,2.497655211532159
296042493.52261156,0.6904823794997219,0.16248249670864492,2.829658567028919,1.613071309281028,0.8382999335099628
235441152.63915262,0.3548883184878672,0.02143202061459261,-0.47948063517384504,0.054532850337680294,2.372777146346044
187877064.0910375,0.23728411885355793,0.29557182232208423,-1.467316911269792,5.536281306908475,2.293436227374528
259929530.04887757,0.4438523499737561,0.2529086496694738,-0.7110218962973492,3.4638812973055404,4.325171836139781
420132511.6465031,0.7704530511439017,0.057679410571160626,-1.4375754376517378,1.6998176906538074,1.7106146562838562
239106641.3456468,0.6220074652123446,0.2870071770387023,-2.0327038994937268,1.5601347484471129,0.6828749325561709
118408827.42611526,0.26173497472814217,0.18024045550979378,-2.1103353413774184,0.0632435382982397,1.205601229301986
465249386.40155894,0.7006474189127565,0.5764915211079173,0.7897193916118138,6.2277824171639,4.825897830051412
156023754.64480567,0.043679985585797804,0.015351944541079177,0.7651286230738861,6.116302279762288,1.7059684729747904
246829617.71623144,0.4306499452368942,0.06787464476492332,0.2510788774984761,0.6303262596121089,1.1080259082793145
202596818.32373837,0.33659965299805467,0.11365010771159027,-0.7844848571988021,5.3905489485511575,5.370325595104378
293997660.9544727,0.487269978237197,0.18021448832915965,2.1262841736367024,2.85003406277243,6.256208834282617
138252267.85213816,0.08344062040888134,0.009516214162196866,0.48367307347195704,6.135772952603409,3.30948106996555
428264018.29864377,0.7581690560783194,0.08504040131129859,1.7174158467369236,4.40450556041968,2.148607588590165
139561901.22893173,0.22423405000121546,0.20457465224898627,-2.029951491334812,2.1962989579575414,5.328954568025738
163191267.10261014,0.09627257582407604,0.20784235547763436,-0.08526126760724359,2.8041131248348403,4.07915757447935
180946215.87950593,0.19804987622044332,0.06901728202512525,1.9016298968092857,6.132244171395362,2.2984650721273514
273725250.93119556,0.5042111528817786,0.3087378489662884,-2.814311620706249,2.367335589296335,1.3829640520172175
449187782.1845395,0.6525982519441194,0.07300241346503497,-0.19163148726319892,5.444768581440242,2.9153417609929875
193280426.67091113,0.23015008216343066,0.7013507171431721,-2.652754244953577,6.095253818449567,2.162733000651805
181125001.1595472,0.1772862840227437,0.28470662184625384,-0.0640501149702109,2.827440841770642,1.532960181356846
177981064.00335544,0.2659223661237743,0.05338497156236361,-1.0061956371474972,2.005966087343202,1.6968825082813561
390802167.9938112,0.6518031907456062,0.029474923714341128,-1.761329964356145,2.594856839217634,2.4170323674680887
231991660.0493042,0.6544302293030549,0.06470708889538108,-2.7624601124761585,1.4045826263373078,0.9912834511059785
226554179.27387264,0.3851648759993637,0.0032882525592948723,-0.3249799910098269,5.485610472227941,0.11881421911569312
178195586.55619058,0.16288099501130474,0.1499133067770249,-1.1643055289388855,0.3801815675325235,5.318961993043725
169013051.12332457,0.16555598700691515,0.9572048907460604,1.9758380030163685,2.1502961044846653,3.6007432598704
461795711.46578395,0.7165900313379157,0.2409716114732868,1.5273523495961672,2.243562544051933,2.748521414849545
155736155.71584633,0.06595799013094604,0.5380677597056909,-0.7801587333457976,3.105775700053874,4.737172637101812
182526229.13506493,0.4716329567049148,0.13989982129351033,-0.8995188345823903,1.489401548379928,1.3374692518140243
142520040.66878852,0.3465531773612464,0.23040221204245048,-1.2068567225766427,5.136880286895686,4.212578727241494
262997284.16204333,0.5712768841409924,0.2915045685502439,1.7090799997525936,1.206247480844672,3.2146463453979655
266888782.81926256,0.5372363748112846,0.07899872286501598,-0.722762958196849,5.196375000020598,2.6004671504105943
118039634.43596265,0.7810571565571088,0.21186108411723287,1.2725331491160745,5.818435380624166,3.6963110505992227
219276169.15945652,0.45429900231606657,0.03842793540811344,0.509112736987232,4.352927909467812,4.6950255521809545
141923938.79717764,0.5928402262078889,0.07450497379703652,-1.364618859805014,0.9009960705591595,6.1682288389936915
387045166.5590213,0.6487334594836008,0.2543399092538527,1.8013517914949655,3.634666929120981,2.9043267953119134
306694616.913607,0.613775118799078,0.1502680018612556,-1.8176937528202484,5.152760366093337,0.73206970695861
276859671.20340335,0.5236504658629184,0.11049874765279838,0.5671305855500319,2.2635313062434044,0.2077606128136047
186311215.09106618,0.7154913336228212,0.1407725543189376,0.29249471103699476,0.9994361895389519,4.334822225166705
305622193.4455717,0.5899291907429003,0.33807430318105036,0.8428763726545847,0.9164812229904493,5.560160635629385
153175971.13621724,0.030214600827603705,0.48214437700561785,-3.0659614532830757,3.562773667209622,6.163875309434799
104182427.01013596,0.5071530085129956,0.23441444652729168,1.8234950371289735,3.4650078580654657,4.090422066414063
